{
    "metadata": {
        "uvs": 1,
        "faces": 24,
        "type": "Geometry",
        "version": 3,
        "normals": 17,
        "vertices": 17,
        "generator": "io_three",
        "bones": 18
    },
    "uvs": [[0.5,0.5,0,0.5,0,0,1,0.5,0.5,0,0.5,1,0,1,1,1,1,0]],
    "faces": [40,4,12,9,0,1,2,0,1,2,40,13,4,10,3,0,4,3,0,4,40,15,14,12,5,6,1,5,6,1,40,16,15,4,7,5,0,7,5,0,40,10,9,0,4,2,2,4,2,8,40,9,12,3,2,1,1,2,1,9,40,11,10,1,8,4,4,10,4,11,40,13,11,2,3,8,8,3,10,12,40,14,15,7,6,5,5,6,5,13,40,12,14,6,1,6,6,1,6,14,40,16,13,5,7,3,3,7,3,15,40,15,16,8,5,7,7,5,7,16,40,10,4,9,4,0,2,4,0,2,40,11,13,10,8,3,4,10,3,4,40,4,15,12,0,5,1,0,5,1,40,13,16,4,3,7,0,3,7,0,40,1,10,0,4,4,2,11,4,8,40,0,9,3,2,2,1,8,2,9,40,2,11,1,8,8,4,12,10,11,40,5,13,2,3,3,8,15,3,12,40,6,14,7,6,6,5,14,6,13,40,3,12,6,1,1,6,9,1,14,40,8,16,5,7,7,3,16,7,15,40,7,15,8,5,5,7,13,5,16],
    "skinIndices": [17,0,0,0,8,0,17,0,0,8,8,0,17,0,0,0,8,0,17,0,0,0,8,0,17,0,8,0,17,0,0,0,8,0],
    "influencesPerVertex": 2,
    "vertices": [1.30687,0.267567,-1.57557,-0,-0,-0.991544,-1.30687,0.267567,-1.57557,0.943372,0.190516,0,-0.000411,0.051889,-0,-0.943371,0.190484,0,2.61094,0.538948,2.74922,-0,0,1.35086,-2.61093,0.538948,2.74922,1.2963,0.318396,-1.57557,-0,0.051918,-0.991544,-1.2963,0.318396,-1.57557,0.93309,0.23608,0,-0.93309,0.23608,0,2.60036,0.589777,2.74922,-0,0.051918,1.35086,-2.60036,0.589777,2.74922],
    "normals": [0.000336,0.999969,-0.000153,0.409192,0.907743,-0.092318,0.410565,0.647786,-0.641652,-0.409375,0.907224,-0.096469,-0.000702,0.772454,-0.635029,0.00116,0.794305,0.607471,0.49208,0.655812,0.572466,-0.491867,0.655324,0.573229,0.627155,0.132633,-0.767479,0.962737,0.217048,-0.16129,-0.411176,0.648671,-0.6404,0.001282,-0.001129,-0.999969,-0.628773,0.131169,-0.766411,-0.000702,-0.000641,0.999969,0.71807,0.149693,0.679647,-0.962676,0.216987,-0.161657,-0.717154,0.15125,0.680288],
    "name": "UntitledGeometry.1",
    "skinWeights": [1,0,1,0,1,0,0.99266,0.00734,0.965179,0.034821,0.992493,0.007507,1,0,1,0,1,0,1,0,1,0,1,0,0.965026,0.034974,0.965026,0.034974,1,0,1,0,1,0],
    "bones": [{
        "parent": -1,
        "pos": [0,0.082794,0.021468],
        "name": "Thorax_00_jnt",
        "rotq": [0,0,0,1]
    },{
        "parent": 0,
        "pos": [0,0.082794,-0.079351],
        "name": "Thorax_01_jnt",
        "rotq": [0,0,0,1]
    },{
        "parent": -1,
        "pos": [-0.009926,0.108887,-0.020382],
        "name": "L_Wing_null",
        "rotq": [0,0,0,1]
    },{
        "parent": 2,
        "pos": [0,0.082794,0.001304],
        "name": "L_Wing_Joint_00_jnt",
        "rotq": [0,0,0,1]
    },{
        "parent": 3,
        "pos": [-0.028874,0.122383,0.001304],
        "name": "L_Wing_Joint_01_jnt",
        "rotq": [0,0,0,1]
    },{
        "parent": 4,
        "pos": [-0.032479,0.127325,0.001304],
        "name": "L_Wing_Joint_02_jnt",
        "rotq": [0,0,0,1]
    },{
        "parent": 5,
        "pos": [-0.033259,0.128394,0.001304],
        "name": "L_Wing_Joint_03_jnt",
        "rotq": [0,0,0,1]
    },{
        "parent": 6,
        "pos": [-0.034354,0.129896,0.001304],
        "name": "L_Wing_Joint_04_jnt",
        "rotq": [0,0,0,1]
    },{
        "parent": 7,
        "pos": [-0.032228,0.126981,0.001304],
        "name": "L_Wing_Joint_05_jnt",
        "rotq": [0,0,0,1]
    },{
        "parent": 8,
        "pos": [-0.029258,0.122909,0.001304],
        "name": "L_Wing_Joint_06_jnt",
        "rotq": [0,0,0,1]
    },{
        "parent": -1,
        "pos": [0.009926,0.108887,-0.020382],
        "name": "R_Wing_null",
        "rotq": [0,0,0,1]
    },{
        "parent": 10,
        "pos": [0,0.082794,0.001304],
        "name": "R_Wing_Joint_00_jnt",
        "rotq": [0,0,0,1]
    },{
        "parent": 11,
        "pos": [0.028874,0.122382,0.001304],
        "name": "R_Wing_Joint_01_jnt",
        "rotq": [0,0,0,1]
    },{
        "parent": 12,
        "pos": [0.032479,0.127325,0.001304],
        "name": "R_Wing_Joint_02_jnt",
        "rotq": [0,0,0,1]
    },{
        "parent": 13,
        "pos": [0.033259,0.128394,0.001304],
        "name": "R_Wing_Joint_03_jnt",
        "rotq": [0,0,0,1]
    },{
        "parent": 14,
        "pos": [0.034354,0.129896,0.001304],
        "name": "R_Wing_Joint_04_jnt",
        "rotq": [0,0,0,1]
    },{
        "parent": 15,
        "pos": [0.032228,0.126981,0.001304],
        "name": "R_Wing_Joint_05_jnt",
        "rotq": [0,0,0,1]
    },{
        "parent": 16,
        "pos": [0.029258,0.122909,0.001304],
        "name": "R_Wing_Joint_06_jnt",
        "rotq": [0,0,0,1]
    }]
}